[
  {
    "id": "img1",
    "imageUrl"      : "img/1.png",
    "view"          : 857,
    "date"          : "07/05/12",
    "plus"          : 588,
    "posterAvatar"  : "img/1.png",
    "posterName"    : "DzunggggMama",
    "posterTitle"   : "HRC Photo",
    "content"       : "Lorem ipsum dolor sit amet, te possim inimicus ius. Alii ullam at corper pri ad, per nulla luptatum te, in qui delenit nostrum. Nam ad labores.",
    "comment": [
      {
      "avatar": "img/4.png",
      "name" : "Leona",
      "text" : "Lorem ipsum dolor sit amet, consectetur adipisicing elit. Esse, eum?"
     },
      {
        "avatar": "img/2.png",
        "name" : "Mor",
        "text" : "Lorem ipsum dolor sit amet, consectetur adipisicing elit. Excepturi explicabo facere hic inventore, ipsa officiis placeat sequi soluta sunt ullam. Atque dolores esse libero minima nisi porro repellendus similique voluptate."
      },
      {
        "avatar": "img/3.png",
        "name" : "Zyra",
        "text" : "Lorem ipsum dolor sit amet, consectetur adipisicing elit. Animi asperiores cum dicta distinctio ea eligendi exercitationem id in ipsam labore, nam natus nulla numquam optio pariatur quaerat quas sed vero. Aliquam, aperiam atque est ex fugiat obcaecati perferendis totam ut."
      }


    ]
  },
  {
    "id": "img2",
    "imageUrl"      : "img/3.png",
    "view"          : 857,
    "date"          : "07/05/12",
    "plus"          : 588,
    "posterAvatar"  : "img/2.png",
    "posterName"    : "Sannnn",
    "posterTitle"   : "HRC Photo",
    "content"       : "Lorem ipsum dolor sit amet, te possim inimicus ius. Alii ullam at corper pri ad, per nulla luptatum te, in qui delenit nostrum. Nam ad labores.",
    "comment": [
      {
        "avatar": "img/1.png",
        "name" : "xem",
        "text" : "sd kfsjldflsjdlkfjsldkjfslk jflks jdlfkjsldk fjlskd jflksjd lfksjd flksdj f"
      },
      {
        "avatar": "img/3.png",
        "name" : "AAA",
        "text" : "Lorem ipsum dolor sit amet, consectetur adipisicing elit. Animi asperiores cum dicta distinctio ea eligendi exercitationem id in ipsam labore, nam natus nulla numquam optio pariatur quaerat quas sed vero. Aliquam, aperiam atque est ex fugiat obcaecati perferendis totam ut."
      }


    ]
  },
  {
    "id": "img3",
    "imageUrl"      : "img/2.png",
    "view"          : 857,
    "date"          : "07/05/12",
    "plus"          : 588,
    "posterAvatar"  : "img/1.png",
    "posterName"    : "Tranggggg",
    "posterTitle"   : "HRC Photo",
    "content"       : "Lorem ipsum dolor sit amet, te possim inimicus ius. Alii ullam at corper pri ad, per nulla luptatum te, in qui delenit nostrum. Nam ad labores.",
    "comment": [
      {
        "avatar": "img/1.png",
        "name" : "mater yi",
        "text" : "Lorem ipsum dolor sit amet, consectetur adipisicing elit. Esse, eum?"
      },
      {
        "avatar": "img/1.png",
        "name" : "hhhhh",
        "text" : "sd kfsjldflsjdlkfjsldkjfslk jflks jdlfkjsldk fjlskd jflksjd lfksjd flksdj f"
      }


    ]
  },
  {
    "id": "img4",
    "imageUrl"      : "img/4.png",
    "view"          : 857,
    "date"          : "07/05/12",
    "plus"          : 588,
    "posterAvatar"  : "img/3.png",
    "posterName"    : "Ngannnnn",
    "posterTitle"   : "HRC Photo",
    "content"       : "Lorem ipsum dolor sit amet, te possim inimicus ius. Alii ullam at corper pri ad, per nulla luptatum te, in qui delenit nostrum. Nam ad labores.",
    "comment": [
      {
        "avatar": "img/1.png",
        "name" : "hhhhh",
        "text" : "sd kfsjldflsjdlkfjsldkjfslk jflks jdlfkjsldk fjlskd jflksjd lfksjd flksdj f"
      },
      {
        "avatar": "img/1.png",
        "name" : "hhhhh",
        "text" : "sd kfsjldflsjdlkfjsldkjfslk jflks jdlfkjsldk fjlskd jflksjd lfksjd flksdj f"
      }


    ]
  },
  {
    "id": "img5",
    "imageUrl"      : "img/1.png",
    "view"          : 857,
    "date"          : "07/05/12",
    "plus"          : 588,
    "posterAvatar"  : "img/1.png",
    "posterName"    : "Dzungggg",
    "posterTitle"   : "HRC Photo",
    "content"       : "Lorem ipsum dolor sit amet, te possim inimicus ius. Alii ullam at corper pri ad, per nulla luptatum te, in qui delenit nostrum. Nam ad labores.",
    "comment": [
      {
        "avatar": "img/1.png",
        "name" : "hhhhh",
        "text" : "sd kfsjldflsjdlkfjsldkjfslk jflks jdlfkjsldk fjlskd jflksjd lfksjd flksdj f"
      },
      {
        "avatar": "img/1.png",
        "name" : "hhhhh",
        "text" : "sd kfsjldflsjdlkfjsldkjfslk jflks jdlfkjsldk fjlskd jflksjd lfksjd flksdj f"
      }


    ]
  },
  {
    "id": "img6",
    "imageUrl"      : "img/3.png",
    "view"          : 857,
    "date"          : "07/05/12",
    "plus"          : 588,
    "posterAvatar"  : "img/2.png",
    "posterName"    : "Sannnn",
    "posterTitle"   : "HRC Photo",
    "content"       : "Lorem ipsum dolor sit amet, te possim inimicus ius. Alii ullam at corper pri ad, per nulla luptatum te, in qui delenit nostrum. Nam ad labores.",
    "comment": [
      {
        "avatar": "img/1.png",
        "name" : "hhhhh",
        "text" : "sd kfsjldflsjdlkfjsldkjfslk jflks jdlfkjsldk fjlskd jflksjd lfksjd flksdj f"
      },
      {
        "avatar": "img/1.png",
        "name" : "hhhhh",
        "text" : "sd kfsjldflsjdlkfjsldkjfslk jflks jdlfkjsldk fjlskd jflksjd lfksjd flksdj f"
      }


    ]
  },
  {
    "id": "img7",
    "imageUrl"      : "img/2.png",
    "view"          : 857,
    "date"          : "07/05/12",
    "plus"          : 588,
    "posterAvatar"  : "img/1.png",
    "posterName"    : "Tranggggg",
    "posterTitle"   : "HRC Photo",
    "content"       : "Lorem ipsum dolor sit amet, te possim inimicus ius. Alii ullam at corper pri ad, per nulla luptatum te, in qui delenit nostrum. Nam ad labores.",
    "comment": [
      {
        "avatar": "img/1.png",
        "name" : "hhhhh",
        "text" : "sd kfsjldflsjdlkfjsldkjfslk jflks jdlfkjsldk fjlskd jflksjd lfksjd flksdj f"
      },
      {
        "avatar": "img/1.png",
        "name" : "hhhhh",
        "text" : "sd kfsjldflsjdlkfjsldkjfslk jflks jdlfkjsldk fjlskd jflksjd lfksjd flksdj f"
      }


    ]
  },
  {
    "id": "img8",
    "imageUrl"      : "img/4.png",
    "view"          : 857,
    "date"          : "07/05/12",
    "plus"          : 588,
    "posterAvatar"  : "img/3.png",
    "posterName"    : "Ngannnnn",
    "posterTitle"   : "HRC Photo",
    "content"       : "Lorem ipsum dolor sit amet, te possim inimicus ius. Alii ullam at corper pri ad, per nulla luptatum te, in qui delenit nostrum. Nam ad labores.",
    "comment": [
      {
        "avatar": "img/1.png",
        "name" : "hhhhh",
        "text" : "sd kfsjldflsjdlkfjsldkjfslk jflks jdlfkjsldk fjlskd jflksjd lfksjd flksdj f"
      },
      {
        "avatar": "img/1.png",
        "name" : "hhhhh",
        "text" : "sd kfsjldflsjdlkfjsldkjfslk jflks jdlfkjsldk fjlskd jflksjd lfksjd flksdj f"
      }


    ]
  }
]